               epoch,      train/box_loss,      train/obj_loss,      train/cls_loss,   metrics/precision,      metrics/recall,     metrics/mAP_0.5,metrics/mAP_0.5:0.95,        val/box_loss,        val/obj_loss,        val/cls_loss,               x/lr0,               x/lr1,               x/lr2
                   0,             0.10709,            0.042253,            0.050378,            0.027571,            0.018256,           0.0057602,           0.0016381,            0.070982,            0.025006,            0.036489,             0.00033,             0.00033,             0.09703
                   1,            0.090805,            0.047567,            0.046496,            0.031966,             0.14727,            0.026074,           0.0064433,            0.058759,            0.022518,            0.034247,          0.00066779,          0.00066779,            0.093968
                   2,            0.078244,            0.044131,            0.042992,             0.14831,             0.27522,             0.11433,             0.03501,            0.049565,            0.020708,            0.030328,           0.0010033,           0.0010033,            0.090903
                   3,            0.065457,            0.040385,            0.038861,             0.14675,             0.45786,              0.1838,            0.067021,            0.042175,            0.019529,            0.027283,           0.0013366,           0.0013366,            0.087837
                   4,            0.057995,            0.038402,            0.037425,             0.22465,             0.36911,             0.20651,            0.069548,            0.040268,            0.016324,            0.024364,           0.0016677,           0.0016677,            0.084768
                   5,            0.055973,            0.034067,            0.033398,             0.34883,             0.35932,             0.28754,             0.13865,            0.037035,            0.013383,            0.021977,           0.0019965,           0.0019965,            0.081697
                   6,            0.053496,            0.033042,            0.032708,             0.29746,              0.5139,             0.32109,             0.15543,            0.041712,            0.012338,            0.020096,           0.0023231,           0.0023231,            0.078623
                   7,            0.052105,            0.032489,            0.029991,             0.42017,             0.46993,             0.42744,             0.18839,            0.034215,            0.011744,            0.019802,           0.0026474,           0.0026474,            0.075547
                   8,            0.051605,            0.029877,            0.026528,             0.32842,             0.53207,             0.40783,             0.17035,             0.03521,            0.011477,            0.018104,           0.0029695,           0.0029695,            0.072469
                   9,            0.050524,            0.029861,            0.023284,             0.37652,             0.60229,             0.45009,             0.20622,             0.03414,            0.011538,            0.016549,           0.0032893,           0.0032893,            0.069389
                  10,            0.048879,            0.028644,             0.02195,             0.44602,              0.6146,             0.51492,             0.24632,            0.030766,            0.010954,            0.015901,           0.0036069,           0.0036069,            0.066307
                  11,            0.049518,            0.027568,            0.020778,             0.47243,             0.64786,             0.57765,             0.31201,            0.029051,            0.010207,            0.013973,           0.0039223,           0.0039223,            0.063222
                  12,            0.046685,             0.02785,            0.018824,             0.43644,             0.67022,             0.57509,             0.30243,            0.029704,            0.010044,            0.016348,           0.0042354,           0.0042354,            0.060135
                  13,            0.046882,            0.026737,            0.015627,             0.41466,             0.68945,             0.56694,             0.27257,            0.034197,             0.01069,             0.01877,           0.0045462,           0.0045462,            0.057046
                  14,            0.046766,            0.026397,            0.015423,             0.46936,             0.68184,             0.62779,             0.34755,            0.034864,           0.0092431,            0.012166,           0.0048548,           0.0048548,            0.053955
                  15,            0.048859,              0.0247,            0.015511,             0.60109,             0.62146,             0.65453,             0.37715,            0.031399,           0.0091773,            0.010626,           0.0051612,           0.0051612,            0.050861
                  16,            0.048281,            0.026566,            0.016166,             0.64809,             0.65664,             0.69035,             0.33943,            0.030887,           0.0096169,            0.011371,           0.0054653,           0.0054653,            0.047765
                  17,             0.04597,            0.025664,            0.013935,              0.5563,             0.71908,             0.70597,             0.39045,            0.031963,           0.0087281,            0.011007,           0.0057672,           0.0057672,            0.044667
                  18,            0.045014,             0.02459,             0.01407,             0.77174,             0.60522,             0.70877,             0.42122,            0.030631,           0.0092928,            0.010585,           0.0060669,           0.0060669,            0.041567
                  19,            0.041893,            0.024532,            0.013244,             0.70623,             0.72073,             0.77686,             0.44767,            0.028656,           0.0090626,           0.0092019,           0.0063643,           0.0063643,            0.038464
                  20,            0.041988,            0.025436,            0.012307,             0.68031,             0.77993,              0.7863,             0.47085,            0.028958,           0.0096406,            0.008997,           0.0066594,           0.0066594,            0.035359
                  21,            0.042002,            0.024818,            0.010832,             0.66958,             0.78936,             0.81656,             0.48057,            0.029688,           0.0093321,           0.0072264,           0.0069523,           0.0069523,            0.032252
                  22,            0.040328,            0.024507,            0.010932,             0.72495,             0.73158,             0.74376,             0.40139,            0.031402,            0.009931,           0.0079789,            0.007243,            0.007243,            0.029143
                  23,             0.04106,            0.023621,           0.0097271,             0.77188,              0.7691,             0.83122,             0.50893,            0.028398,           0.0092907,           0.0062794,           0.0075314,           0.0075314,            0.026031
                  24,            0.039663,            0.023549,            0.010114,             0.71037,             0.67568,             0.74165,             0.46056,            0.029274,            0.010598,           0.0098198,           0.0078176,           0.0078176,            0.022918
                  25,            0.041934,            0.024113,            0.010669,             0.86068,             0.70803,             0.79087,             0.48687,            0.027768,           0.0096591,           0.0084737,           0.0081015,           0.0081015,            0.019802
                  26,            0.040979,            0.025982,           0.0077179,             0.84527,             0.76183,             0.85468,             0.57552,            0.025222,           0.0089231,           0.0057468,           0.0083832,           0.0083832,            0.016683
                  27,            0.042594,            0.024525,            0.008789,             0.85929,             0.72144,             0.80788,             0.46752,            0.030424,           0.0099399,           0.0065754,           0.0086627,           0.0086627,            0.013563
                  28,            0.040129,            0.025998,             0.01385,             0.40243,             0.38021,             0.33897,             0.16988,            0.035028,            0.016044,            0.039919,           0.0089399,           0.0089399,             0.01044
                  29,            0.039706,            0.027223,            0.015373,             0.37273,              0.5059,             0.35413,             0.19616,            0.032513,            0.015642,            0.045169,            0.009043,            0.009043,            0.009043
                  30,            0.037939,            0.027682,            0.011493,             0.74146,             0.64352,             0.72403,             0.42805,            0.030016,            0.011204,            0.014874,            0.009043,            0.009043,            0.009043
                  31,            0.039022,            0.025709,            0.013028,             0.71741,             0.70828,             0.72181,             0.42569,            0.030266,            0.011047,           0.0080798,             0.00901,             0.00901,             0.00901
                  32,            0.037558,            0.027518,            0.012767,             0.63004,             0.50494,             0.56626,             0.36406,            0.031755,            0.015371,            0.012466,            0.008977,            0.008977,            0.008977
                  33,            0.035565,            0.027977,            0.011317,             0.63844,             0.59457,             0.65366,             0.39475,            0.027697,            0.012621,            0.018643,            0.008944,            0.008944,            0.008944
                  34,            0.034909,            0.025983,              0.0103,             0.85753,             0.63463,             0.79272,             0.53699,            0.021869,             0.01054,            0.010534,            0.008911,            0.008911,            0.008911
                  35,            0.036421,            0.025585,            0.010129,             0.72245,             0.71592,             0.77704,             0.48178,            0.025118,            0.010643,            0.011807,            0.008878,            0.008878,            0.008878
                  36,            0.035312,            0.025931,           0.0078485,             0.66274,             0.68101,             0.74716,             0.46784,            0.023809,            0.010658,            0.010548,            0.008845,            0.008845,            0.008845
                  37,             0.03629,             0.02424,              0.0101,             0.78206,             0.57434,             0.68332,              0.4443,             0.02558,            0.012562,            0.010732,            0.008812,            0.008812,            0.008812
                  38,             0.03534,            0.028653,            0.010273,             0.63275,             0.55202,             0.65357,             0.40057,            0.025453,            0.012394,             0.01047,            0.008779,            0.008779,            0.008779
                  39,            0.034135,             0.02522,             0.00996,             0.77937,             0.67679,             0.74655,             0.50164,            0.023527,            0.010611,           0.0066343,            0.008746,            0.008746,            0.008746
                  40,            0.032183,            0.025095,           0.0087701,             0.78035,             0.66422,             0.75174,             0.51243,            0.022579,            0.010172,            0.009509,            0.008713,            0.008713,            0.008713
                  41,            0.032891,            0.025595,            0.007541,             0.73828,             0.73863,             0.79804,             0.54229,            0.022626,           0.0098023,           0.0085978,             0.00868,             0.00868,             0.00868
                  42,            0.032524,             0.02433,           0.0073987,                0.64,              0.6997,             0.75636,             0.48707,            0.025457,           0.0092707,            0.013795,            0.008647,            0.008647,            0.008647
                  43,            0.033258,            0.023103,           0.0092497,             0.81583,             0.62995,             0.76367,             0.52883,            0.023151,            0.011485,             0.01487,            0.008614,            0.008614,            0.008614
                  44,            0.032282,             0.02424,            0.007288,             0.87489,             0.74677,             0.82769,             0.55819,             0.02308,           0.0091488,           0.0098511,            0.008581,            0.008581,            0.008581
                  45,            0.031773,            0.023283,            0.006445,             0.91148,             0.75678,             0.86184,             0.58721,            0.023789,           0.0091848,           0.0075089,            0.008548,            0.008548,            0.008548
                  46,            0.030495,            0.023224,           0.0073169,             0.73525,              0.8228,              0.8344,             0.59716,            0.021978,           0.0094612,           0.0081914,            0.008515,            0.008515,            0.008515
                  47,            0.033055,            0.022914,           0.0061451,             0.82951,             0.80735,             0.86874,             0.56526,            0.024074,           0.0098386,           0.0057184,            0.008482,            0.008482,            0.008482
                  48,            0.030531,            0.023521,           0.0069157,             0.84109,             0.73383,             0.82818,             0.59226,            0.021855,           0.0091432,           0.0054434,            0.008449,            0.008449,            0.008449
                  49,            0.028397,            0.022003,           0.0064758,             0.74125,             0.83642,             0.85126,             0.59663,            0.019908,           0.0088013,           0.0066089,            0.008416,            0.008416,            0.008416
                  50,            0.028382,            0.022851,           0.0056927,             0.83476,             0.73901,             0.82697,             0.57917,            0.022102,           0.0092432,           0.0083476,            0.008383,            0.008383,            0.008383
                  51,            0.028982,            0.022342,           0.0052048,             0.77279,             0.82726,             0.85771,             0.63543,            0.020103,           0.0086331,           0.0053357,             0.00835,             0.00835,             0.00835
                  52,            0.028287,            0.021982,           0.0055013,             0.83861,             0.72287,             0.83456,             0.59251,            0.020327,           0.0090045,           0.0075277,            0.008317,            0.008317,            0.008317
                  53,            0.029455,            0.020793,           0.0050781,             0.79108,             0.78259,             0.84015,             0.59395,            0.019947,           0.0092835,           0.0069804,            0.008284,            0.008284,            0.008284
                  54,            0.027986,            0.021582,           0.0047733,             0.75859,             0.72775,             0.78035,             0.55702,            0.020497,           0.0099253,            0.012622,            0.008251,            0.008251,            0.008251
                  55,            0.027678,            0.022663,           0.0056854,             0.87188,             0.76714,             0.83334,             0.60764,            0.021035,            0.010184,           0.0045675,            0.008218,            0.008218,            0.008218
                  56,            0.026382,            0.022379,           0.0048673,             0.79958,             0.76166,             0.80944,              0.6068,            0.019116,           0.0092187,            0.011681,            0.008185,            0.008185,            0.008185
                  57,            0.026992,            0.020703,           0.0047642,             0.86752,             0.79274,             0.87373,             0.63147,            0.020504,           0.0091995,           0.0059618,            0.008152,            0.008152,            0.008152
                  58,            0.026601,            0.020611,           0.0046464,             0.83464,             0.82469,              0.8849,             0.62927,            0.020979,           0.0093925,           0.0042623,            0.008119,            0.008119,            0.008119
                  59,            0.027292,            0.019292,           0.0045879,             0.81018,               0.823,             0.86767,             0.63048,            0.021793,           0.0095797,           0.0060035,            0.008086,            0.008086,            0.008086
                  60,            0.027813,            0.019082,           0.0045728,             0.87271,             0.80757,             0.87593,             0.62203,            0.020426,           0.0090918,           0.0048569,            0.008053,            0.008053,            0.008053
                  61,            0.027773,            0.019724,           0.0047562,             0.90059,             0.74631,             0.85541,             0.61129,            0.021462,           0.0097315,           0.0085591,             0.00802,             0.00802,             0.00802
                  62,            0.025409,            0.021269,           0.0045843,             0.91668,             0.76209,             0.87369,             0.65347,            0.020877,           0.0092852,           0.0034447,            0.007987,            0.007987,            0.007987
                  63,            0.026725,             0.01979,           0.0051636,             0.90888,             0.78509,              0.8627,              0.6155,            0.022035,           0.0094831,           0.0046846,            0.007954,            0.007954,            0.007954
                  64,            0.025769,            0.020455,           0.0041003,             0.85506,             0.79168,             0.86574,              0.6297,            0.020014,           0.0087634,            0.003613,            0.007921,            0.007921,            0.007921
                  65,            0.025582,            0.019524,             0.00416,             0.76389,             0.82983,             0.85324,             0.60507,            0.021061,           0.0098198,           0.0048849,            0.007888,            0.007888,            0.007888
                  66,            0.025164,            0.019639,           0.0050276,             0.82188,             0.71318,             0.81421,             0.59326,            0.020202,           0.0094137,           0.0099644,            0.007855,            0.007855,            0.007855
                  67,            0.025645,            0.019714,            0.004125,             0.82263,             0.83017,             0.84815,             0.62343,            0.021554,           0.0097499,           0.0060139,            0.007822,            0.007822,            0.007822
                  68,            0.025994,            0.019472,           0.0041807,             0.81303,             0.82788,             0.86209,              0.6312,            0.021123,           0.0096543,           0.0051415,            0.007789,            0.007789,            0.007789
                  69,            0.026523,            0.019412,           0.0041462,             0.81722,             0.82264,             0.86041,             0.62512,             0.01979,           0.0092897,           0.0041695,            0.007756,            0.007756,            0.007756
                  70,            0.025648,             0.01856,           0.0037092,             0.84806,             0.73549,             0.78413,             0.55077,             0.02101,            0.011384,           0.0054253,            0.007723,            0.007723,            0.007723
                  71,            0.026001,            0.019894,           0.0038379,             0.81056,             0.78224,              0.8252,             0.60715,            0.020785,           0.0090948,           0.0036202,             0.00769,             0.00769,             0.00769
                  72,             0.02545,            0.020763,            0.004562,             0.83691,             0.75622,             0.82901,             0.61137,            0.021082,           0.0092965,           0.0034625,            0.007657,            0.007657,            0.007657
                  73,            0.024346,            0.019731,           0.0043946,              0.8198,             0.80887,             0.83565,             0.61298,            0.020486,           0.0092949,           0.0047722,            0.007624,            0.007624,            0.007624
                  74,            0.024634,            0.019408,           0.0037183,             0.85742,             0.74038,             0.84235,              0.6385,            0.017761,           0.0084322,           0.0044664,            0.007591,            0.007591,            0.007591
                  75,            0.025024,            0.020071,           0.0038664,              0.8175,             0.78922,             0.84621,             0.63977,            0.018381,           0.0086403,           0.0036414,            0.007558,            0.007558,            0.007558
                  76,             0.02387,            0.019441,           0.0038738,                0.85,             0.78181,             0.84047,             0.63196,            0.020989,           0.0092613,           0.0070796,            0.007525,            0.007525,            0.007525
                  77,            0.024067,            0.018646,           0.0033454,               0.747,             0.85158,             0.86026,             0.65514,            0.019136,           0.0082272,           0.0082261,            0.007492,            0.007492,            0.007492
                  78,            0.022984,            0.019342,           0.0037826,             0.77321,             0.85753,             0.87517,             0.64416,             0.01995,           0.0086838,           0.0074022,            0.007459,            0.007459,            0.007459
                  79,             0.02237,            0.019116,           0.0037723,             0.75432,             0.80256,             0.84772,             0.61844,            0.020107,           0.0093696,            0.009749,            0.007426,            0.007426,            0.007426
                  80,            0.023064,            0.018148,           0.0031868,             0.85714,              0.7597,             0.85625,             0.63372,             0.02088,           0.0097883,           0.0058102,            0.007393,            0.007393,            0.007393
                  81,            0.024103,            0.019367,           0.0030739,             0.83388,             0.77396,             0.85046,             0.61708,            0.020482,           0.0099244,           0.0073065,             0.00736,             0.00736,             0.00736
                  82,             0.02249,            0.017869,           0.0034252,             0.87127,             0.80781,             0.85284,             0.61136,            0.021628,              0.0102,           0.0041902,            0.007327,            0.007327,            0.007327
                  83,            0.024764,             0.01928,           0.0036241,             0.85151,             0.80144,             0.86879,             0.63715,             0.02094,           0.0094318,           0.0039166,            0.007294,            0.007294,            0.007294
                  84,             0.02315,            0.018901,           0.0041943,             0.79491,             0.79667,             0.84316,             0.63076,            0.020912,           0.0096754,           0.0039921,            0.007261,            0.007261,            0.007261
                  85,            0.022863,            0.018775,           0.0035586,             0.82184,             0.81886,             0.85756,             0.64076,            0.021509,           0.0092759,           0.0052361,            0.007228,            0.007228,            0.007228
                  86,            0.022897,            0.018265,           0.0043665,             0.90804,             0.76191,             0.86252,             0.63491,            0.021457,           0.0091147,           0.0037938,            0.007195,            0.007195,            0.007195
                  87,            0.023351,            0.018139,           0.0036594,             0.86838,             0.77673,             0.85759,             0.62619,            0.020507,           0.0091726,           0.0085133,            0.007162,            0.007162,            0.007162
                  88,              0.0231,            0.018195,           0.0036704,              0.8951,             0.75462,             0.86593,             0.65201,            0.020736,           0.0092017,            0.005392,            0.007129,            0.007129,            0.007129
                  89,               0.022,            0.017835,           0.0040149,             0.84177,             0.78432,             0.84969,              0.6472,            0.021893,           0.0095233,           0.0032148,            0.007096,            0.007096,            0.007096
                  90,            0.022801,            0.017809,           0.0038685,             0.91658,             0.77168,             0.85203,              0.6233,            0.020768,           0.0092981,           0.0035409,            0.007063,            0.007063,            0.007063
                  91,            0.023393,            0.018572,           0.0039986,             0.89816,             0.76065,             0.88589,             0.65103,            0.021065,           0.0097119,             0.00514,             0.00703,             0.00703,             0.00703
                  92,            0.021907,            0.018617,           0.0036165,             0.92092,             0.84186,              0.9002,              0.6892,            0.020556,           0.0088206,           0.0034114,            0.006997,            0.006997,            0.006997
                  93,            0.023057,            0.017926,           0.0038295,             0.78781,             0.86189,             0.88137,             0.66898,             0.02033,            0.008478,           0.0052427,            0.006964,            0.006964,            0.006964
                  94,            0.022773,            0.018065,           0.0028134,             0.88547,             0.81395,             0.87971,             0.67355,            0.019562,           0.0090972,           0.0072525,            0.006931,            0.006931,            0.006931
                  95,            0.022246,            0.016563,           0.0034739,             0.90885,             0.80145,             0.87715,             0.65256,            0.018966,           0.0092731,           0.0059358,            0.006898,            0.006898,            0.006898
                  96,            0.021304,            0.017982,            0.002687,             0.87204,             0.84903,             0.88815,             0.66789,            0.019066,            0.008883,           0.0032938,            0.006865,            0.006865,            0.006865
                  97,            0.021753,            0.019354,           0.0028416,             0.75684,              0.9052,             0.89802,             0.67094,            0.019768,              0.0087,            0.005356,            0.006832,            0.006832,            0.006832
                  98,            0.021379,            0.018034,           0.0026809,             0.93576,             0.75627,             0.88064,             0.66383,            0.020157,           0.0094714,           0.0056426,            0.006799,            0.006799,            0.006799
                  99,             0.02202,            0.017061,           0.0024813,             0.89356,             0.81968,             0.87235,             0.64868,            0.020572,           0.0096305,            0.003634,            0.006766,            0.006766,            0.006766
                 100,             0.02137,            0.017509,           0.0026697,             0.83561,             0.81146,             0.85086,               0.615,            0.019676,             0.01004,           0.0064961,            0.006733,            0.006733,            0.006733
                 101,            0.021872,            0.017879,           0.0027259,             0.94443,             0.80889,             0.87717,             0.65061,            0.020476,            0.009424,            0.001741,              0.0067,              0.0067,              0.0067
                 102,            0.021081,            0.017457,           0.0024026,             0.89818,              0.8212,             0.87446,             0.65897,            0.019905,           0.0094508,           0.0019731,            0.006667,            0.006667,            0.006667
                 103,            0.020566,            0.017894,           0.0026456,             0.92678,             0.84221,             0.90003,             0.66804,            0.019888,           0.0090445,           0.0022317,            0.006634,            0.006634,            0.006634
                 104,            0.019938,             0.01612,           0.0034277,             0.86049,             0.85614,             0.90167,               0.688,            0.018866,           0.0090492,           0.0032603,            0.006601,            0.006601,            0.006601
                 105,            0.020663,            0.017437,           0.0028925,             0.77717,             0.86862,             0.87274,             0.65383,            0.019391,           0.0089383,           0.0087929,            0.006568,            0.006568,            0.006568
                 106,            0.020915,            0.016927,           0.0025641,             0.88919,              0.8105,             0.87251,              0.6841,            0.018262,           0.0092186,           0.0038082,            0.006535,            0.006535,            0.006535
                 107,            0.019936,            0.016993,           0.0026097,             0.88191,             0.83642,             0.89805,             0.70196,            0.018219,           0.0087704,           0.0032816,            0.006502,            0.006502,            0.006502
                 108,            0.021025,            0.017514,           0.0028098,             0.79124,             0.87722,             0.87704,             0.67274,            0.017157,           0.0089489,           0.0048389,            0.006469,            0.006469,            0.006469
                 109,            0.020757,            0.017032,           0.0029554,              0.7966,             0.87011,              0.8682,              0.6611,            0.018775,           0.0093172,           0.0041841,            0.006436,            0.006436,            0.006436
                 110,            0.020367,            0.016807,           0.0030177,             0.81808,             0.88179,              0.8829,             0.66815,            0.018276,           0.0091095,           0.0026967,            0.006403,            0.006403,            0.006403
                 111,            0.020196,            0.016632,           0.0025672,             0.82646,             0.84491,             0.85963,             0.65933,            0.017949,           0.0095541,           0.0043415,             0.00637,             0.00637,             0.00637
                 112,            0.019945,            0.016934,           0.0024869,             0.88047,              0.8304,             0.87757,             0.67614,            0.017288,           0.0090521,           0.0062213,            0.006337,            0.006337,            0.006337
                 113,            0.020668,            0.016755,            0.002506,             0.85325,             0.87063,             0.89671,             0.67746,            0.017405,            0.009052,           0.0032188,            0.006304,            0.006304,            0.006304
                 114,            0.020114,            0.016648,           0.0025693,             0.83066,             0.82967,             0.87506,             0.66555,            0.018726,           0.0099338,           0.0037896,            0.006271,            0.006271,            0.006271
                 115,            0.021446,            0.016602,           0.0029434,             0.85995,             0.82605,             0.87306,              0.6645,            0.019395,            0.010107,           0.0071172,            0.006238,            0.006238,            0.006238
                 116,            0.019695,            0.016537,           0.0025565,             0.90246,             0.75542,             0.86014,             0.66404,            0.018709,           0.0094856,           0.0055987,            0.006205,            0.006205,            0.006205
                 117,            0.020846,             0.01634,           0.0022303,             0.90964,             0.78481,             0.87176,             0.68245,            0.019103,           0.0092325,           0.0049739,            0.006172,            0.006172,            0.006172
                 118,            0.019698,             0.01629,            0.002454,             0.90545,             0.78623,             0.86376,             0.68349,            0.019192,           0.0091575,           0.0054351,            0.006139,            0.006139,            0.006139
                 119,            0.021129,            0.017412,           0.0023917,             0.89477,             0.80427,             0.88598,             0.68712,             0.01834,           0.0087659,           0.0028431,            0.006106,            0.006106,            0.006106
                 120,            0.019943,            0.016301,           0.0025208,             0.90282,              0.7799,             0.88616,             0.66508,            0.019071,           0.0098692,           0.0035837,            0.006073,            0.006073,            0.006073
                 121,            0.019828,             0.01701,           0.0024051,             0.79946,             0.84882,             0.87026,             0.65201,            0.018697,           0.0091176,           0.0056098,             0.00604,             0.00604,             0.00604
                 122,            0.019482,            0.015841,           0.0028654,             0.84958,             0.79761,             0.89916,             0.68891,            0.017329,           0.0086586,           0.0079229,            0.006007,            0.006007,            0.006007
                 123,            0.019563,            0.016573,           0.0024395,             0.87864,             0.84861,             0.89647,             0.68338,            0.018057,           0.0089002,           0.0071242,            0.005974,            0.005974,            0.005974
                 124,            0.019281,            0.016276,            0.002457,             0.91892,             0.78587,             0.87449,             0.65881,            0.019185,           0.0095661,             0.00419,            0.005941,            0.005941,            0.005941
                 125,            0.019966,            0.017118,           0.0020888,             0.87656,             0.75281,             0.85173,              0.6464,            0.018493,            0.009656,           0.0044769,            0.005908,            0.005908,            0.005908
                 126,            0.018789,            0.015696,           0.0020793,             0.78159,             0.82496,             0.85542,             0.66283,             0.01822,           0.0092438,           0.0028177,            0.005875,            0.005875,            0.005875
                 127,            0.019432,            0.016926,            0.002284,             0.88692,             0.76554,             0.86918,             0.66875,            0.017922,            0.009226,           0.0030016,            0.005842,            0.005842,            0.005842
                 128,            0.018798,            0.015757,            0.002658,             0.85751,             0.81344,             0.86451,             0.66053,            0.019387,            0.010667,           0.0071567,            0.005809,            0.005809,            0.005809
                 129,            0.019239,            0.015855,            0.002416,             0.82873,             0.83996,             0.87278,             0.66277,            0.019326,            0.010022,           0.0029249,            0.005776,            0.005776,            0.005776
                 130,            0.019871,            0.016875,           0.0021469,             0.86442,             0.79343,             0.86825,             0.66407,            0.017854,           0.0091634,           0.0042655,            0.005743,            0.005743,            0.005743
                 131,            0.019372,            0.015707,           0.0021206,             0.86724,             0.78161,             0.85612,             0.66279,            0.017553,            0.009396,           0.0044718,             0.00571,             0.00571,             0.00571
                 132,            0.019044,            0.015843,           0.0023799,             0.92914,             0.76619,             0.85991,             0.66373,            0.018882,           0.0097372,           0.0039341,            0.005677,            0.005677,            0.005677
                 133,            0.019487,            0.016156,           0.0019423,             0.87459,             0.82092,             0.86231,             0.67908,            0.017649,           0.0092118,           0.0035456,            0.005644,            0.005644,            0.005644
                 134,            0.019256,            0.015042,           0.0026724,             0.90759,              0.8095,             0.86913,              0.6952,            0.018221,           0.0091946,           0.0030053,            0.005611,            0.005611,            0.005611
                 135,            0.019544,            0.016905,           0.0022089,             0.89262,             0.82985,             0.87544,             0.67707,            0.017594,           0.0090973,           0.0026482,            0.005578,            0.005578,            0.005578
                 136,            0.019151,            0.016208,           0.0024538,             0.87332,             0.82654,             0.86127,             0.67254,             0.01802,           0.0090646,           0.0040695,            0.005545,            0.005545,            0.005545
                 137,            0.018884,            0.016615,           0.0023061,             0.88934,             0.82989,             0.88724,             0.69428,            0.016831,           0.0091775,           0.0023987,            0.005512,            0.005512,            0.005512
                 138,            0.018921,            0.015505,           0.0018569,              0.8088,             0.84917,              0.8683,             0.67411,            0.019017,            0.009844,           0.0056023,            0.005479,            0.005479,            0.005479
                 139,             0.02002,            0.016668,           0.0020867,             0.90218,             0.82511,             0.87442,             0.66733,            0.019539,            0.010104,           0.0035182,            0.005446,            0.005446,            0.005446
                 140,            0.017585,            0.014804,           0.0023462,             0.90144,             0.78203,              0.8592,             0.68137,            0.018616,           0.0094879,           0.0056762,            0.005413,            0.005413,            0.005413
                 141,            0.018676,            0.016745,           0.0017073,             0.87283,             0.79678,              0.8564,             0.67587,            0.018974,           0.0095195,           0.0044355,             0.00538,             0.00538,             0.00538
                 142,            0.018487,            0.015421,           0.0015763,              0.8159,             0.79138,             0.83112,               0.649,            0.019858,           0.0098415,           0.0046584,            0.005347,            0.005347,            0.005347
                 143,            0.018285,            0.015438,           0.0022246,             0.85975,             0.79204,             0.84848,             0.65887,            0.018542,           0.0098171,           0.0032112,            0.005314,            0.005314,            0.005314
                 144,            0.018283,            0.015552,            0.002193,             0.91495,             0.80059,             0.88375,             0.68097,            0.017589,           0.0093863,           0.0025099,            0.005281,            0.005281,            0.005281
                 145,            0.017911,            0.015531,           0.0022595,             0.93931,             0.79514,             0.88454,             0.67656,            0.018427,           0.0096364,           0.0020171,            0.005248,            0.005248,            0.005248
                 146,            0.018289,            0.014673,           0.0025403,              0.9044,             0.78961,             0.87262,             0.67983,            0.017598,           0.0093284,           0.0022089,            0.005215,            0.005215,            0.005215
                 147,            0.018054,            0.014619,           0.0019588,             0.83082,             0.78496,              0.8339,             0.64597,             0.01831,             0.01022,           0.0034773,            0.005182,            0.005182,            0.005182
                 148,            0.018618,            0.015769,            0.001943,             0.89284,              0.7934,             0.86299,             0.66821,            0.018095,           0.0091904,           0.0024864,            0.005149,            0.005149,            0.005149
                 149,             0.01718,            0.014157,           0.0019407,             0.87207,             0.83056,             0.86545,             0.67302,            0.018788,           0.0093424,           0.0020797,            0.005116,            0.005116,            0.005116
                 150,            0.017726,            0.015376,           0.0017956,             0.92496,             0.77837,             0.86079,             0.66659,            0.019163,            0.009757,           0.0034454,            0.005083,            0.005083,            0.005083
                 151,            0.017294,            0.015091,           0.0013007,             0.90297,              0.7448,             0.85169,             0.67221,            0.019004,            0.010143,           0.0052549,             0.00505,             0.00505,             0.00505
                 152,            0.018788,            0.015815,           0.0015722,             0.84606,              0.7839,             0.83798,             0.66159,            0.019068,            0.010316,           0.0031416,            0.005017,            0.005017,            0.005017
                 153,            0.017653,            0.015177,           0.0016587,              0.8503,             0.77121,             0.83989,             0.66049,            0.019486,            0.010373,           0.0036994,            0.004984,            0.004984,            0.004984
                 154,            0.017561,            0.014146,           0.0020531,             0.86036,             0.71024,             0.80634,             0.61612,            0.020819,            0.010655,           0.0090641,            0.004951,            0.004951,            0.004951
                 155,            0.018485,            0.015814,           0.0025528,              0.7967,              0.7549,               0.801,             0.61686,            0.020154,             0.01083,           0.0070814,            0.004918,            0.004918,            0.004918
                 156,            0.018595,            0.015254,            0.004438,              0.8295,             0.81519,             0.82453,              0.6432,            0.018993,           0.0093956,           0.0050278,            0.004885,            0.004885,            0.004885
                 157,            0.018555,            0.015565,           0.0028101,             0.82612,             0.82781,             0.84219,             0.65534,            0.019103,           0.0094681,           0.0037999,            0.004852,            0.004852,            0.004852
                 158,             0.01857,            0.015772,            0.003296,             0.87103,              0.7883,             0.85236,             0.64891,            0.018614,            0.009537,           0.0037501,            0.004819,            0.004819,            0.004819
                 159,            0.018534,            0.015509,             0.00232,             0.84599,             0.82571,             0.85647,             0.66662,            0.017898,           0.0094988,           0.0040823,            0.004786,            0.004786,            0.004786
                 160,            0.017152,            0.015822,           0.0024529,             0.87716,              0.8082,             0.87945,             0.66714,            0.018129,           0.0096395,           0.0036014,            0.004753,            0.004753,            0.004753
                 161,            0.017546,            0.015426,            0.001997,             0.89701,             0.82916,             0.88425,             0.70692,            0.017888,           0.0096632,           0.0033956,             0.00472,             0.00472,             0.00472
                 162,            0.017491,            0.015775,           0.0017003,             0.84768,             0.81572,             0.85608,              0.6763,            0.018479,           0.0096322,           0.0028591,            0.004687,            0.004687,            0.004687
                 163,             0.01774,            0.014501,           0.0018561,             0.86605,             0.81139,             0.86635,             0.68665,            0.017944,           0.0092844,           0.0029736,            0.004654,            0.004654,            0.004654
                 164,            0.017451,            0.015135,           0.0023706,             0.87515,             0.78309,             0.87128,             0.68886,            0.017664,           0.0095776,           0.0051236,            0.004621,            0.004621,            0.004621
                 165,            0.017501,            0.015029,           0.0015628,             0.77249,             0.86313,              0.8766,             0.68697,            0.017667,           0.0095591,             0.00519,            0.004588,            0.004588,            0.004588
                 166,            0.017519,            0.015245,           0.0017082,             0.80831,             0.82759,             0.86774,             0.68614,            0.017316,           0.0096163,            0.004096,            0.004555,            0.004555,            0.004555
                 167,            0.016462,            0.014054,           0.0017508,             0.87222,             0.78135,             0.85411,             0.66897,             0.01853,           0.0099646,           0.0078411,            0.004522,            0.004522,            0.004522
                 168,            0.017381,            0.014883,           0.0025344,             0.90396,             0.78299,             0.85794,                0.67,            0.018466,            0.010349,           0.0031441,            0.004489,            0.004489,            0.004489
                 169,            0.016965,             0.01466,           0.0021488,             0.88593,             0.82757,             0.87081,             0.67578,             0.01795,           0.0097999,           0.0029841,            0.004456,            0.004456,            0.004456
                 170,            0.016944,            0.014209,           0.0025191,             0.93089,             0.75287,             0.85362,             0.67893,            0.018724,            0.009921,           0.0033568,            0.004423,            0.004423,            0.004423
                 171,            0.017104,            0.014435,           0.0021219,             0.89742,             0.80178,             0.87586,             0.68571,            0.018645,           0.0092825,           0.0031162,             0.00439,             0.00439,             0.00439
                 172,            0.017663,            0.014636,           0.0016091,             0.75527,             0.85099,             0.85987,             0.67171,            0.018366,           0.0087333,           0.0096665,            0.004357,            0.004357,            0.004357
                 173,            0.016605,             0.01506,           0.0018307,             0.89297,              0.8055,              0.8888,             0.69947,            0.018089,            0.009088,           0.0033876,            0.004324,            0.004324,            0.004324
                 174,            0.016892,            0.015352,           0.0015884,             0.86153,             0.83753,             0.88566,             0.69858,            0.017551,           0.0091814,           0.0025565,            0.004291,            0.004291,            0.004291
                 175,            0.018164,            0.014781,           0.0018625,             0.90295,             0.77536,             0.86475,             0.68095,             0.01795,           0.0096102,            0.003472,            0.004258,            0.004258,            0.004258
                 176,            0.016636,            0.015436,           0.0015973,             0.86536,             0.79604,             0.85722,             0.67263,            0.018114,           0.0095666,           0.0057725,            0.004225,            0.004225,            0.004225
                 177,            0.017545,            0.014647,           0.0022692,             0.86178,              0.8209,             0.86455,             0.69683,            0.018705,           0.0095502,           0.0038491,            0.004192,            0.004192,            0.004192
                 178,            0.016223,            0.014243,           0.0014537,             0.92259,             0.76242,             0.84318,              0.6921,            0.018268,            0.009774,            0.004558,            0.004159,            0.004159,            0.004159
                 179,            0.015546,            0.013437,           0.0015039,             0.92573,             0.77529,             0.84235,             0.68162,            0.018566,           0.0098987,           0.0066143,            0.004126,            0.004126,            0.004126
                 180,            0.017357,            0.014775,            0.001799,              0.9001,             0.75601,              0.8569,             0.67541,            0.018093,           0.0098748,             0.00855,            0.004093,            0.004093,            0.004093
                 181,            0.016117,            0.013997,            0.001733,             0.86536,              0.8111,             0.85495,              0.6918,            0.017628,           0.0093974,           0.0038679,             0.00406,             0.00406,             0.00406
                 182,            0.015952,            0.015098,           0.0018555,             0.89239,             0.78603,              0.8693,             0.68769,            0.017595,           0.0097541,           0.0020947,            0.004027,            0.004027,            0.004027
                 183,            0.016392,            0.014696,           0.0016535,             0.90989,             0.79289,              0.8636,             0.67098,            0.018218,            0.010416,           0.0019976,            0.003994,            0.003994,            0.003994
                 184,            0.015414,              0.0143,              0.0016,             0.87674,             0.80238,             0.84919,             0.66398,            0.019252,            0.010619,           0.0030712,            0.003961,            0.003961,            0.003961
                 185,            0.015775,            0.014117,           0.0014944,             0.90235,             0.81329,             0.85377,             0.68274,            0.019298,            0.010297,           0.0021027,            0.003928,            0.003928,            0.003928
                 186,            0.016351,            0.014602,           0.0014474,             0.91676,             0.81683,             0.86657,             0.69396,             0.01879,           0.0099325,           0.0017253,            0.003895,            0.003895,            0.003895
                 187,            0.016451,            0.015146,           0.0011574,             0.87557,              0.8487,             0.87514,             0.71492,            0.017391,           0.0094435,           0.0018055,            0.003862,            0.003862,            0.003862
                 188,            0.015286,            0.013855,           0.0012222,              0.9227,             0.82744,             0.86948,             0.71041,            0.017574,           0.0095547,           0.0020191,            0.003829,            0.003829,            0.003829
                 189,            0.016209,            0.013452,           0.0014685,              0.9415,               0.807,             0.87651,             0.72145,            0.018114,           0.0095425,           0.0013892,            0.003796,            0.003796,            0.003796
                 190,            0.016292,            0.014683,           0.0011408,             0.89861,             0.82759,             0.88811,             0.71321,            0.018352,           0.0093232,           0.0021716,            0.003763,            0.003763,            0.003763
                 191,            0.015723,            0.014717,           0.0013783,             0.88024,             0.82982,             0.88492,             0.71773,            0.017388,           0.0092043,           0.0028218,             0.00373,             0.00373,             0.00373
                 192,            0.015306,            0.014834,           0.0011853,             0.89346,              0.8378,             0.87662,             0.70441,            0.017871,           0.0094716,           0.0026759,            0.003697,            0.003697,            0.003697
                 193,            0.014973,            0.013519,           0.0011792,              0.8725,             0.84399,             0.87056,             0.71062,             0.01844,           0.0096036,           0.0027872,            0.003664,            0.003664,            0.003664
                 194,            0.015126,            0.013791,           0.0010332,             0.90381,              0.8072,             0.86588,             0.69058,            0.018679,            0.010019,           0.0026631,            0.003631,            0.003631,            0.003631
                 195,            0.014778,            0.013141,           0.0011849,             0.81898,             0.81637,             0.84621,              0.6743,            0.018397,            0.010067,           0.0048059,            0.003598,            0.003598,            0.003598
                 196,            0.014597,            0.013614,           0.0018583,             0.89607,             0.76982,              0.8443,             0.67806,            0.017846,            0.010095,           0.0050421,            0.003565,            0.003565,            0.003565
                 197,            0.015614,            0.013761,           0.0013327,             0.92765,              0.7839,             0.87435,             0.69595,             0.01782,            0.010128,            0.003312,            0.003532,            0.003532,            0.003532
                 198,            0.015461,            0.014086,             0.00156,             0.92486,              0.8236,             0.87117,             0.70192,            0.018434,            0.010228,            0.003918,            0.003499,            0.003499,            0.003499
                 199,             0.01526,            0.013483,           0.0013748,             0.93132,              0.8004,             0.87877,             0.70806,            0.017775,             0.01037,           0.0020752,            0.003466,            0.003466,            0.003466
                 200,            0.015143,            0.013749,            0.001585,             0.90784,             0.81122,             0.88196,             0.69105,            0.017682,            0.010217,           0.0017613,            0.003433,            0.003433,            0.003433
                 201,            0.015588,            0.013528,            0.001586,             0.85825,             0.84272,             0.88111,              0.6918,            0.018181,            0.010614,           0.0024331,              0.0034,              0.0034,              0.0034
                 202,            0.015589,            0.013339,           0.0017472,             0.84564,             0.84023,             0.87603,             0.69227,            0.018134,            0.010467,           0.0025694,            0.003367,            0.003367,            0.003367
                 203,            0.015341,            0.014397,           0.0016418,             0.84817,             0.81645,             0.87907,             0.69128,            0.018139,             0.01044,           0.0014783,            0.003334,            0.003334,            0.003334
                 204,            0.014722,            0.013909,           0.0013946,             0.86341,              0.8266,             0.87834,             0.70582,            0.018208,            0.010127,           0.0018783,            0.003301,            0.003301,            0.003301
                 205,            0.014888,            0.014407,           0.0014005,             0.93247,             0.81083,             0.88781,             0.71682,            0.017761,           0.0099854,           0.0012906,            0.003268,            0.003268,            0.003268
                 206,            0.015221,            0.013194,           0.0014049,             0.91018,             0.83767,             0.89541,             0.72148,            0.017356,           0.0098548,           0.0015169,            0.003235,            0.003235,            0.003235
                 207,            0.015091,            0.014261,           0.0013125,             0.92076,             0.80181,             0.89178,             0.71655,            0.017834,           0.0098115,            0.001854,            0.003202,            0.003202,            0.003202
                 208,            0.013956,            0.013584,           0.0011162,             0.93885,              0.7791,             0.88516,             0.70938,            0.017822,            0.009492,           0.0030418,            0.003169,            0.003169,            0.003169
                 209,             0.01457,            0.013636,           0.0011476,             0.82271,             0.86808,             0.88518,             0.69652,            0.018162,           0.0095376,           0.0022035,            0.003136,            0.003136,            0.003136
                 210,            0.015084,            0.013649,           0.0013112,             0.85303,             0.87612,             0.89031,             0.70268,            0.017979,           0.0097711,           0.0020888,            0.003103,            0.003103,            0.003103
                 211,            0.014787,            0.013096,           0.0019697,             0.87272,             0.81917,             0.88477,             0.70004,            0.018031,           0.0099096,           0.0031954,             0.00307,             0.00307,             0.00307
                 212,             0.01433,            0.013107,           0.0015336,             0.90853,             0.80529,             0.87301,             0.70363,            0.018074,           0.0098649,           0.0021069,            0.003037,            0.003037,            0.003037
                 213,            0.014204,            0.013297,            0.001237,             0.92523,             0.80217,             0.87449,             0.69582,             0.01819,            0.010174,           0.0018952,            0.003004,            0.003004,            0.003004
                 214,            0.014014,            0.013362,           0.0011864,             0.92837,             0.77705,             0.87017,             0.70186,            0.018249,           0.0098968,           0.0036246,            0.002971,            0.002971,            0.002971
                 215,            0.014213,            0.013512,           0.0011285,             0.83627,             0.83379,              0.8599,             0.68698,            0.018489,            0.010452,           0.0049889,            0.002938,            0.002938,            0.002938
                 216,            0.014662,            0.013646,           0.0013082,             0.83374,              0.8221,             0.84991,             0.68745,            0.018182,            0.010457,           0.0082051,            0.002905,            0.002905,            0.002905
                 217,            0.014383,            0.012416,           0.0011453,             0.87362,             0.78401,             0.84789,             0.67836,            0.018302,            0.010482,            0.010077,            0.002872,            0.002872,            0.002872
                 218,            0.014059,            0.013065,           0.0012148,             0.85011,             0.81736,             0.84836,             0.69127,            0.019302,            0.010749,           0.0066968,            0.002839,            0.002839,            0.002839
                 219,            0.014474,            0.013057,          0.00087953,             0.85279,             0.79087,             0.84725,             0.68353,            0.019208,             0.01097,           0.0046427,            0.002806,            0.002806,            0.002806
                 220,            0.014809,            0.013457,          0.00091323,             0.80322,             0.84615,             0.85423,             0.68064,            0.018509,            0.010883,           0.0039423,            0.002773,            0.002773,            0.002773
                 221,            0.014428,            0.013444,          0.00083579,             0.89875,             0.78155,             0.85264,             0.67151,            0.018461,            0.010913,           0.0046865,             0.00274,             0.00274,             0.00274
                 222,            0.014556,            0.012904,           0.0012249,             0.91659,             0.77199,             0.85699,             0.67989,             0.01874,            0.010778,           0.0035269,            0.002707,            0.002707,            0.002707
                 223,            0.014003,            0.013587,          0.00099016,             0.84405,             0.81761,             0.85235,             0.68037,            0.018685,            0.010555,            0.002359,            0.002674,            0.002674,            0.002674
                 224,            0.013983,            0.014157,           0.0010975,             0.90882,             0.78386,             0.85497,             0.69476,            0.018103,            0.010594,           0.0020362,            0.002641,            0.002641,            0.002641
                 225,            0.013789,            0.012862,          0.00073336,             0.88077,              0.8142,             0.84971,             0.67773,            0.018384,            0.010766,           0.0023428,            0.002608,            0.002608,            0.002608
                 226,             0.01366,            0.012811,           0.0011119,             0.89771,             0.79515,              0.8541,             0.67784,            0.018701,            0.010512,           0.0044127,            0.002575,            0.002575,            0.002575
                 227,            0.014293,            0.012671,           0.0024833,             0.93633,             0.78859,             0.87238,              0.7023,            0.017958,            0.010178,            0.004611,            0.002542,            0.002542,            0.002542
                 228,            0.013498,            0.013029,           0.0011318,             0.88988,             0.80851,             0.86948,             0.70395,            0.017877,            0.010051,           0.0042983,            0.002509,            0.002509,            0.002509
                 229,            0.013903,            0.012512,           0.0011197,             0.87552,             0.83821,             0.87258,             0.69918,            0.018104,           0.0099117,           0.0038354,            0.002476,            0.002476,            0.002476
                 230,            0.013063,            0.012719,           0.0007887,             0.88399,             0.80878,             0.84845,             0.68198,            0.018144,           0.0098565,            0.005717,            0.002443,            0.002443,            0.002443
                 231,            0.013881,            0.013327,          0.00097837,             0.88145,             0.80034,             0.84686,             0.68529,             0.01827,            0.010072,           0.0071074,             0.00241,             0.00241,             0.00241
                 232,            0.014044,            0.012639,           0.0010011,             0.87612,             0.79171,              0.8478,             0.68575,            0.018215,            0.010109,               0.006,            0.002377,            0.002377,            0.002377
                 233,             0.01372,            0.012212,           0.0010221,             0.81563,             0.84709,             0.86044,             0.69141,            0.017974,            0.010239,           0.0036283,            0.002344,            0.002344,            0.002344
                 234,            0.013547,            0.012436,          0.00090088,             0.87058,             0.81614,             0.86505,             0.69293,            0.017575,            0.010016,           0.0029976,            0.002311,            0.002311,            0.002311
                 235,            0.013798,            0.012966,          0.00077238,             0.88637,             0.81032,              0.8696,              0.7048,            0.017944,            0.010183,           0.0029876,            0.002278,            0.002278,            0.002278
                 236,            0.013161,            0.013447,          0.00096333,             0.89282,             0.82482,              0.8623,             0.69595,            0.018508,            0.010278,           0.0039608,            0.002245,            0.002245,            0.002245
                 237,            0.013299,            0.012779,          0.00075081,             0.86138,             0.84612,             0.85499,             0.69839,            0.017969,            0.010243,            0.003877,            0.002212,            0.002212,            0.002212
                 238,            0.013375,            0.012783,          0.00074316,             0.89244,             0.84077,             0.86237,             0.71173,            0.017793,            0.010055,           0.0046724,            0.002179,            0.002179,            0.002179
                 239,            0.012741,            0.012087,          0.00080168,             0.88738,             0.84425,              0.8628,             0.71669,            0.017988,            0.010162,           0.0042263,            0.002146,            0.002146,            0.002146
                 240,            0.013717,            0.013098,           0.0016979,             0.89029,             0.83628,             0.86489,             0.70773,            0.018097,            0.010183,           0.0033118,            0.002113,            0.002113,            0.002113
                 241,            0.013105,            0.012925,           0.0015639,              0.9008,             0.83438,              0.8649,             0.70174,            0.017977,            0.010075,            0.004591,             0.00208,             0.00208,             0.00208
                 242,            0.012861,            0.012109,           0.0010361,             0.91307,             0.82067,             0.87006,             0.70389,            0.018155,            0.010161,           0.0030462,            0.002047,            0.002047,            0.002047
                 243,            0.013243,            0.012187,           0.0010327,             0.87952,             0.82768,             0.86218,              0.6957,            0.018128,            0.010167,           0.0029177,            0.002014,            0.002014,            0.002014
                 244,            0.012982,             0.01263,          0.00072605,             0.84371,             0.82641,             0.85028,             0.69091,            0.018319,            0.010334,             0.00382,            0.001981,            0.001981,            0.001981
                 245,            0.012765,            0.011574,          0.00073217,             0.89714,             0.78022,              0.8622,             0.70003,            0.017925,            0.010156,           0.0039917,            0.001948,            0.001948,            0.001948
                 246,            0.012871,            0.011929,          0.00080471,             0.92957,              0.7772,             0.86061,             0.71028,            0.017838,           0.0097729,           0.0038479,            0.001915,            0.001915,            0.001915
                 247,            0.012388,            0.012503,            0.001045,             0.89562,             0.79055,             0.86849,             0.70489,            0.017898,           0.0097723,           0.0031284,            0.001882,            0.001882,            0.001882
                 248,            0.012663,            0.012066,          0.00097232,             0.85278,             0.84518,             0.86865,             0.69377,            0.017661,           0.0096481,           0.0028706,            0.001849,            0.001849,            0.001849
                 249,            0.012575,            0.011445,          0.00092907,             0.85376,             0.84402,             0.87119,              0.7048,            0.017642,            0.009893,           0.0027364,            0.001816,            0.001816,            0.001816
                 250,            0.013724,            0.012315,          0.00092825,             0.86856,             0.82065,             0.87212,             0.70612,            0.017778,            0.010061,           0.0028349,            0.001783,            0.001783,            0.001783
                 251,            0.012981,            0.012653,          0.00071209,             0.87598,             0.82105,             0.86329,             0.69887,            0.017798,            0.010404,           0.0026955,             0.00175,             0.00175,             0.00175
                 252,            0.011953,             0.01111,          0.00082836,             0.89761,             0.79901,             0.85787,              0.6992,            0.017718,            0.010633,           0.0022117,            0.001717,            0.001717,            0.001717
                 253,            0.012829,            0.012716,          0.00062733,             0.86629,             0.82127,             0.86659,             0.69958,            0.017554,            0.010535,           0.0025308,            0.001684,            0.001684,            0.001684
                 254,            0.013134,            0.011808,          0.00082923,             0.87201,             0.81687,             0.87221,             0.70832,            0.017606,            0.010367,           0.0026102,            0.001651,            0.001651,            0.001651
                 255,             0.01246,            0.011662,          0.00067323,             0.88967,              0.8095,             0.86592,             0.69652,            0.017779,            0.010436,           0.0022576,            0.001618,            0.001618,            0.001618
                 256,            0.012343,            0.011869,          0.00056289,             0.86853,             0.82971,              0.8724,             0.70462,            0.017599,            0.010263,           0.0024534,            0.001585,            0.001585,            0.001585
                 257,            0.012855,            0.012585,          0.00080552,             0.89346,             0.79537,              0.8676,             0.70796,            0.017306,            0.010183,           0.0033132,            0.001552,            0.001552,            0.001552
                 258,             0.01211,            0.011235,          0.00081903,             0.90382,             0.79308,             0.86048,             0.70744,            0.017183,            0.010074,           0.0050237,            0.001519,            0.001519,            0.001519
                 259,            0.012147,            0.011511,          0.00052263,             0.88339,              0.8113,             0.86534,             0.70417,            0.017149,            0.010105,           0.0034484,            0.001486,            0.001486,            0.001486
                 260,            0.012209,            0.011281,          0.00083521,             0.89235,             0.81364,             0.86206,             0.70281,            0.017129,             0.01016,           0.0023608,            0.001453,            0.001453,            0.001453
                 261,            0.012893,             0.01253,          0.00099778,             0.86862,             0.79046,             0.85763,             0.69639,            0.017442,            0.010101,           0.0049536,             0.00142,             0.00142,             0.00142
                 262,            0.012529,            0.011496,          0.00046676,             0.87824,             0.80655,             0.85459,             0.69251,            0.017899,            0.010415,            0.004908,            0.001387,            0.001387,            0.001387
                 263,            0.013058,            0.012457,           0.0010065,              0.8767,             0.80652,             0.86025,             0.69411,            0.017913,            0.010493,           0.0040858,            0.001354,            0.001354,            0.001354
                 264,            0.012406,            0.012104,          0.00078825,             0.88809,             0.80692,             0.86181,             0.69841,            0.017681,             0.01053,           0.0035772,            0.001321,            0.001321,            0.001321
                 265,            0.012158,            0.011209,          0.00082757,             0.88351,              0.7979,             0.87266,             0.70955,            0.017154,            0.010145,           0.0035611,            0.001288,            0.001288,            0.001288
                 266,            0.011983,            0.011693,          0.00056365,             0.88045,             0.81128,             0.87679,              0.7103,              0.0173,            0.010168,           0.0036168,            0.001255,            0.001255,            0.001255
                 267,            0.011425,            0.011647,           0.0007297,             0.88991,             0.83106,             0.87586,             0.71522,            0.017563,            0.010113,           0.0027091,            0.001222,            0.001222,            0.001222
                 268,            0.012244,            0.011495,          0.00070284,              0.8806,             0.83256,             0.87514,              0.7092,            0.017769,            0.010075,           0.0019525,            0.001189,            0.001189,            0.001189
                 269,            0.012477,            0.011265,          0.00066042,             0.90904,             0.80127,             0.87795,             0.71361,            0.017711,             0.01007,           0.0022169,            0.001156,            0.001156,            0.001156
                 270,            0.011941,            0.011418,          0.00054577,             0.89914,             0.81171,             0.87544,              0.7123,            0.017903,            0.010238,           0.0023796,            0.001123,            0.001123,            0.001123
                 271,            0.012298,            0.011224,          0.00068912,             0.90842,             0.78905,             0.87094,             0.71386,            0.017797,             0.01039,           0.0023855,             0.00109,             0.00109,             0.00109
                 272,            0.012697,            0.011733,          0.00081988,             0.88167,              0.8312,             0.86697,             0.70904,             0.01794,            0.010491,           0.0022095,            0.001057,            0.001057,            0.001057
                 273,            0.012597,            0.012484,          0.00094472,             0.91099,               0.792,             0.87016,             0.71177,            0.017934,            0.010357,           0.0023494,            0.001024,            0.001024,            0.001024
                 274,            0.012237,            0.011042,          0.00082483,              0.8903,             0.81986,             0.87177,             0.71142,            0.018085,            0.010297,           0.0023047,            0.000991,            0.000991,            0.000991
                 275,            0.011898,            0.011924,          0.00079762,             0.90237,             0.80854,             0.87204,             0.72112,            0.018167,            0.010434,           0.0019224,            0.000958,            0.000958,            0.000958
                 276,            0.011789,            0.011632,           0.0007277,             0.90539,             0.81264,             0.87214,             0.71836,            0.018243,             0.01055,           0.0022805,            0.000925,            0.000925,            0.000925
                 277,            0.011979,            0.011541,          0.00070718,             0.90436,             0.80616,             0.87065,             0.70661,            0.018242,            0.010594,           0.0030186,            0.000892,            0.000892,            0.000892
                 278,            0.011842,            0.011614,           0.0007412,             0.90419,             0.80757,             0.86999,             0.71282,            0.018355,            0.010506,           0.0034255,            0.000859,            0.000859,            0.000859
                 279,            0.012143,            0.012237,           0.0004727,             0.91395,             0.79583,              0.8716,             0.71612,             0.01814,            0.010309,           0.0030712,            0.000826,            0.000826,            0.000826
                 280,            0.011688,            0.011272,           0.0010156,             0.91464,             0.79888,             0.87493,             0.71453,            0.018123,            0.010229,           0.0025659,            0.000793,            0.000793,            0.000793
                 281,            0.011232,            0.011359,          0.00054589,              0.8983,             0.81235,             0.87432,             0.71489,            0.018226,            0.010335,           0.0024154,             0.00076,             0.00076,             0.00076
                 282,             0.01195,            0.011204,          0.00068787,             0.89671,             0.81656,             0.87376,              0.7102,            0.018264,            0.010401,           0.0017374,            0.000727,            0.000727,            0.000727
                 283,            0.011853,            0.011502,          0.00072433,             0.89058,             0.81891,              0.8705,             0.70922,            0.018163,            0.010576,           0.0015607,            0.000694,            0.000694,            0.000694
                 284,            0.012423,            0.012508,           0.0005437,              0.9205,             0.80593,             0.87214,             0.71409,            0.018145,            0.010634,           0.0014417,            0.000661,            0.000661,            0.000661
                 285,            0.012172,            0.012256,          0.00066517,             0.90061,             0.80492,             0.86942,             0.71496,             0.01811,             0.01066,           0.0016885,            0.000628,            0.000628,            0.000628
                 286,             0.01129,            0.011141,          0.00048011,             0.90762,             0.80281,              0.8729,             0.71665,            0.018142,            0.010551,           0.0016116,            0.000595,            0.000595,            0.000595
                 287,             0.01118,            0.011321,          0.00051493,             0.90714,             0.81627,             0.87241,             0.72198,            0.018385,            0.010539,           0.0015155,            0.000562,            0.000562,            0.000562
                 288,            0.011622,            0.011291,          0.00049094,             0.88792,             0.82134,             0.87286,             0.71104,            0.018352,            0.010521,           0.0016131,            0.000529,            0.000529,            0.000529
                 289,            0.011618,            0.011319,          0.00059655,             0.89653,             0.82071,             0.87257,             0.71166,            0.018574,            0.010544,           0.0015216,            0.000496,            0.000496,            0.000496
                 290,            0.011312,            0.010994,          0.00058157,             0.90165,             0.81025,              0.8727,             0.71174,            0.018643,            0.010582,           0.0014393,            0.000463,            0.000463,            0.000463
                 291,            0.011869,            0.011573,          0.00050224,             0.89897,              0.8212,             0.87366,              0.7145,            0.018618,            0.010536,           0.0016165,             0.00043,             0.00043,             0.00043
                 292,            0.011594,            0.011039,          0.00060919,             0.89367,             0.82043,             0.87384,             0.71944,            0.018489,            0.010398,           0.0017396,            0.000397,            0.000397,            0.000397
                 293,            0.011261,            0.011209,          0.00071747,             0.90507,             0.81363,             0.87485,             0.72382,             0.01839,            0.010358,           0.0020297,            0.000364,            0.000364,            0.000364
                 294,            0.011521,            0.010796,           0.0007376,             0.90231,             0.80894,             0.87314,              0.7201,            0.018259,            0.010342,           0.0023784,            0.000331,            0.000331,            0.000331
                 295,            0.010741,            0.010959,          0.00049694,             0.90089,             0.80735,             0.87449,             0.71643,            0.018222,            0.010315,           0.0025714,            0.000298,            0.000298,            0.000298
                 296,            0.011525,            0.012209,          0.00046502,             0.90405,             0.80807,             0.87192,             0.71799,            0.018306,            0.010435,           0.0028799,            0.000265,            0.000265,            0.000265
                 297,            0.011627,             0.01161,          0.00077854,             0.90716,             0.80779,             0.87179,             0.71388,            0.018346,            0.010459,           0.0028344,            0.000232,            0.000232,            0.000232
                 298,            0.012152,            0.011342,          0.00062653,             0.93072,             0.80675,             0.87135,             0.70936,            0.018329,            0.010499,           0.0027035,            0.000199,            0.000199,            0.000199
                 299,            0.011046,            0.010688,          0.00039295,             0.91324,             0.81456,             0.87249,             0.71196,            0.018366,            0.010553,           0.0027929,            0.000166,            0.000166,            0.000166
